{"text": "\u73b0\u5728\u5148\u628a\u8fd9\u4e9b\u914d\u7f6e\u90fd\u4fdd\u5b58\u4e00\u4e0b\u7528gethub\u4fdd\u5b58\u4e00\u4e0b", "segments": [{"id": 0, "seek": 0, "start": 0.0, "end": 3.56, "text": "\u73b0\u5728\u5148\u628a\u8fd9\u4e9b\u914d\u7f6e\u90fd\u4fdd\u5b58\u4e00\u4e0b", "tokens": [50365, 25040, 10108, 16075, 5562, 13824, 38846, 34719, 7182, 24302, 39781, 8861, 50543], "temperature": 0.0, "avg_logprob": -0.2817543278569761, "compression_ratio": 0.967741935483871, "no_speech_prob": 7.956990968893685e-12}, {"id": 1, "seek": 0, "start": 3.56, "end": 4.88, "text": "\u7528gethub\u4fdd\u5b58\u4e00\u4e0b", "tokens": [50543, 9254, 847, 71, 836, 24302, 39781, 8861, 50609], "temperature": 0.0, "avg_logprob": -0.2817543278569761, "compression_ratio": 0.967741935483871, "no_speech_prob": 7.956990968893685e-12}], "language": "zh"}